know,16,1,3,1,2,9,0,0,0,0,0,0,0,0
bad,16,1,4,0,1,8,0,0,0,1,1,0,0,0
habit,1,1,0,0,0,0,0,0,0,0,0,0,0,0
earlier,1,1,0,0,0,0,0,0,0,0,0,0,0,0
start,10,2,1,0,2,2,1,0,0,2,0,0,0,0
part,3,1,1,0,0,1,0,0,0,0,0,0,0,0
n,5,1,2,0,0,1,0,0,0,1,0,0,0,0
bed,10,1,3,1,2,2,0,0,0,0,0,1,0,0
headach,5,1,2,0,0,2,0,0,0,0,0,0,0,0
call,5,0,1,0,0,3,0,0,0,0,1,0,0,0
funer,1,0,1,0,0,0,0,0,0,0,0,0,0,0
ceremoni,1,0,1,0,0,0,0,0,0,0,0,0,0,0
gloomi,1,0,1,0,0,0,0,0,0,0,0,0,0,0
want,25,0,10,3,3,5,0,1,1,2,0,0,0,0
hang,3,0,0,2,0,1,0,0,0,0,0,0,0,0
friend,12,0,5,1,1,4,0,0,0,1,0,0,0,0
soon,3,0,0,1,2,0,0,0,0,0,0,0,0,0
trade,1,0,0,0,1,0,0,0,0,0,0,0,0,0
someon,2,0,0,0,2,0,0,0,0,0,0,0,0,0
ticket,2,0,0,0,1,1,0,0,0,0,0,0,0,0
one,22,1,7,0,5,6,0,0,0,3,0,0,0,0
go,39,1,8,1,8,11,1,1,2,2,1,1,2,0
prom,1,0,0,0,0,1,0,0,0,0,0,0,0,0
bf,2,0,0,0,0,1,0,0,0,1,0,0,0,0
like,29,0,5,1,6,14,1,0,0,2,0,0,0,0
sleep,24,1,6,0,5,8,1,1,0,0,1,0,1,0
think,25,0,6,0,4,10,2,1,0,1,1,0,0,0
old,4,0,2,0,0,2,0,0,0,0,0,0,0,0
marri,2,0,1,0,0,1,0,0,0,0,0,0,0,0
damn,10,0,3,0,2,2,0,0,1,2,0,0,0,0
amp,12,0,3,0,4,3,1,0,0,0,1,0,0,0
scandal,1,0,1,0,0,0,0,0,0,0,0,0,0,0
http,15,0,3,0,6,5,0,0,0,1,0,0,0,0
love,15,0,8,1,2,0,0,3,0,1,0,0,0,0
miss,23,0,9,0,7,4,0,3,0,0,0,0,0,0
sorri,9,0,5,0,1,2,1,0,0,0,0,0,0,0
least,4,0,3,0,0,0,1,0,0,0,0,0,0,0
cant,10,0,1,0,5,3,0,0,0,1,0,0,0,0
fall,3,0,2,0,1,0,0,0,0,0,0,0,0,0
asleep,6,0,4,0,1,1,0,0,0,0,0,0,0,0
choke,1,0,0,0,0,1,0,0,0,0,0,0,0,0
retain,1,0,0,0,0,1,0,0,0,0,0,0,0,0
ugh,6,0,3,0,1,2,0,0,0,0,0,0,0,0
beat,3,0,1,0,0,0,1,0,0,1,0,0,0,0
stupid,3,0,2,0,1,0,0,0,0,0,0,0,0,0
song,7,0,2,0,1,2,0,1,1,0,0,0,0,0
get,27,1,8,1,4,8,1,0,2,1,1,0,0,0
next,4,0,2,0,2,0,0,0,0,0,0,0,0,0
rude,2,0,2,0,0,0,0,0,0,0,0,0,0,0
watch,6,1,2,0,2,0,0,0,0,1,0,0,0,0
hill,1,0,1,0,0,0,0,0,0,0,0,0,0,0
realis,1,0,1,0,0,0,0,0,0,0,0,0,0,0
week,8,0,2,0,2,2,0,1,0,0,1,0,0,0
late,7,0,3,0,1,2,0,0,0,0,0,0,1,0
got,20,0,2,1,6,8,1,0,0,1,1,0,0,0
news,5,0,1,0,0,3,1,0,0,0,0,0,0,0
storm,2,0,1,0,0,1,0,0,0,0,0,0,0,0
electr,1,0,1,0,0,0,0,0,0,0,0,0,0,0
gone,2,0,1,0,0,0,0,0,1,0,0,0,0,0
agre,2,0,0,0,0,0,0,1,0,0,0,1,0,0
sleepi,3,0,1,0,0,1,1,0,0,0,0,0,0,0
even,5,1,1,0,0,3,0,0,0,0,0,0,0,0
fail,2,0,1,0,0,1,0,0,0,0,0,0,0,0
ladi,2,0,0,0,0,2,0,0,0,0,0,0,0,0
gaga,2,0,1,0,0,1,0,0,0,0,0,0,0,0
tweet,7,0,0,0,2,4,1,0,0,0,0,0,0,0
impress,3,0,1,0,0,2,0,0,0,0,0,0,0,0
video,2,0,0,0,0,2,0,0,0,0,0,0,0,0
leak,2,0,0,0,0,1,0,0,0,1,0,0,0,0
convinc,1,0,1,0,0,0,0,0,0,0,0,0,0,0
alway,6,0,2,0,0,3,0,0,0,1,0,0,0,0
signal,1,0,1,0,0,0,0,0,0,0,0,0,0,0
give,4,0,2,0,1,0,0,0,0,0,1,0,0,0
lost,5,0,2,0,2,0,0,0,0,1,0,0,0,0
anoth,5,0,1,1,1,2,0,0,0,0,0,0,0,0
oh,17,0,2,0,5,7,2,0,1,0,0,0,0,0
hope,10,0,0,0,1,7,0,1,0,0,0,0,1,0
better,9,0,2,0,4,1,0,1,0,0,1,0,0,0
issu,1,0,0,0,0,1,0,0,0,0,0,0,0,0
wonder,2,0,1,0,0,0,0,0,1,0,0,0,0,0
awak,3,0,1,0,1,0,0,0,1,0,0,0,0,0
write,3,1,0,0,0,1,0,0,1,0,0,0,0,0
new,15,0,4,0,1,5,0,1,1,2,1,0,0,0
plot,1,0,0,0,0,0,0,0,1,0,0,0,0,0
evil,1,0,0,0,0,0,0,0,1,0,0,0,0,0
secret,2,0,0,0,0,0,1,0,1,0,0,0,0,0
topic,1,0,0,0,1,0,0,0,0,0,0,0,0,0
map,1,0,0,0,1,0,0,0,0,0,0,0,0,0
talk,6,0,0,0,3,2,0,0,0,1,0,0,0,0
confer,1,0,0,0,1,0,0,0,0,0,0,0,0,0
program,1,0,0,0,1,0,0,0,0,0,0,0,0,0
via,1,0,0,0,1,0,0,0,0,0,0,0,0,0
ate,2,0,0,0,0,2,0,0,0,0,0,0,0,0
someth,7,0,2,0,1,4,0,0,0,0,0,0,0,0
keep,4,0,2,0,0,2,0,0,0,0,0,0,0,0
tell,1,0,0,0,0,1,0,0,0,0,0,0,0,0
thing,14,0,5,0,3,5,0,0,0,1,0,0,0,0
food,3,0,1,0,0,1,1,0,0,0,0,0,0,0
tire,8,0,3,0,1,2,0,0,0,1,0,1,0,0
definit,1,0,1,0,0,0,0,0,0,0,0,0,0,0
ear,1,0,1,0,0,0,0,0,0,0,0,0,0,0
infect,1,0,1,0,0,0,0,0,0,0,0,0,0,0
earli,8,0,3,0,2,2,0,0,0,0,1,0,0,0
way,10,0,3,0,2,4,0,0,0,1,0,0,0,0
home,15,0,2,0,5,5,0,0,0,1,1,0,1,0
deal,2,0,0,0,0,2,0,0,0,0,0,0,0,0
girl,8,0,2,0,2,2,0,0,0,1,1,0,0,0
drink,1,0,0,0,0,1,0,0,0,0,0,0,0,0
gin,1,0,0,0,0,1,0,0,0,0,0,0,0,0
bus,2,0,0,0,1,1,0,0,0,0,0,0,0,0
bout,4,1,1,0,0,1,0,0,0,1,0,0,0,0
feel,30,0,13,0,2,15,0,0,0,0,0,0,0,0
peopl,5,0,2,0,0,3,0,0,0,0,0,0,0,0
manner,1,0,1,0,0,0,0,0,0,0,0,0,0,0
lewd,1,0,1,0,0,0,0,0,0,0,0,0,0,0
server,2,0,0,0,0,1,0,0,0,1,0,0,0,0
still,20,0,4,0,5,4,0,2,0,2,2,0,1,0
need,21,2,2,1,6,9,0,0,0,0,1,0,0,0
hit,3,0,0,0,0,3,0,0,0,0,0,0,0,0
pass,2,0,0,0,0,2,0,0,0,0,0,0,0,0
fudg,1,0,1,0,0,0,0,0,0,0,0,0,0,0
whole,4,0,3,0,1,0,0,0,0,0,0,0,0,0
paper,2,0,1,0,0,1,0,0,0,0,0,0,0,0
hate,11,0,3,0,0,2,0,0,0,6,0,0,0,0
school,8,1,2,0,2,2,0,0,0,0,0,0,1,0
time,23,0,4,0,8,8,1,1,0,1,0,0,0,0
cancer,1,0,0,0,0,1,0,0,0,0,0,0,0,0
annoy,2,0,1,0,0,0,0,0,0,1,0,0,0,0
type,2,0,0,0,0,1,0,0,0,1,0,0,0,0
comput,2,0,1,0,0,0,0,0,0,1,0,0,0,0
middl,3,1,0,0,0,1,0,0,0,1,0,0,0,0
night,13,0,3,0,4,5,0,0,0,1,0,0,0,0
strong,1,0,0,0,1,0,0,0,0,0,0,0,0,0
contract,1,0,0,0,1,0,0,0,0,0,0,0,0,0
stoke,1,0,0,0,1,0,0,0,0,0,0,0,0,0
mayb,2,0,0,0,1,1,0,0,0,0,0,0,0,0
tomorrow,14,0,3,1,6,4,0,0,0,0,0,0,0,0
screw,2,0,0,0,1,0,0,0,0,1,0,0,0,0
yeah,7,0,2,0,2,0,0,0,1,1,0,0,1,0
funni,1,0,1,0,0,0,0,0,0,0,0,0,0,0
caus,8,0,3,0,2,2,0,0,1,0,0,0,0,0
slept,1,0,1,0,0,0,0,0,0,0,0,0,0,0
enough,4,0,3,0,1,0,0,0,0,0,0,0,0,0
woke,3,0,1,0,0,0,1,1,0,0,0,0,0,0
mum,3,0,2,0,0,1,0,0,0,0,0,0,0,0
sing,3,0,1,0,0,0,0,0,0,1,1,0,0,0
right,13,0,4,0,2,3,1,0,0,2,1,0,0,0
work,37,0,8,0,8,9,2,0,0,6,2,1,1,0
afternoon,3,0,0,0,3,0,0,0,0,0,0,0,0,0
would,8,0,1,0,3,2,0,0,1,1,0,0,0,0
cri,5,0,3,0,2,0,0,0,0,0,0,0,0,0
much,13,0,2,0,3,3,3,1,0,0,1,0,0,0
day,27,0,10,0,7,6,1,0,0,1,2,0,0,0
far,3,0,0,0,1,0,0,1,0,0,1,0,0,0
quit,2,1,0,0,0,0,0,0,0,0,1,0,0,0
last,15,0,5,0,3,6,0,0,0,0,1,0,0,0
first,9,0,1,0,0,6,0,0,1,0,1,0,0,0
twitter,9,0,1,0,2,3,0,1,1,1,0,0,0,0
amaz,1,0,0,0,0,0,0,0,1,0,0,0,0,0
come,10,0,2,0,5,1,0,0,1,1,0,0,0,0
anyth,6,0,0,0,2,2,0,0,2,0,0,0,0,0
see,15,1,2,0,3,5,1,0,1,1,1,0,0,0
perform,2,0,0,0,1,0,0,0,1,0,0,0,0,0
pick,1,0,0,0,0,1,0,0,0,0,0,0,0,0
blackberri,1,0,0,0,0,1,0,0,0,0,0,0,0,0
street,1,0,0,0,0,1,0,0,0,0,0,0,0,0
crush,2,0,0,0,0,2,0,0,0,0,0,0,0,0
pack,5,0,0,0,1,3,0,0,0,0,1,0,0,0
around,2,0,0,0,0,2,0,0,0,0,0,0,0,0
year,5,0,2,0,0,1,1,0,0,1,0,0,0,0
high,1,1,0,0,0,0,0,0,0,0,0,0,0,0
remain,1,1,0,0,0,0,0,0,0,0,0,0,0,0
open,3,1,0,0,1,0,0,0,0,1,0,0,0,0
credit,1,1,0,0,0,0,0,0,0,0,0,0,0,0
graduat,1,1,0,0,0,0,0,0,0,0,0,0,0,0
broken,4,1,1,0,0,2,0,0,0,0,0,0,0,0
though,7,0,2,0,1,2,0,0,1,0,1,0,0,0
well,15,0,1,0,5,7,0,1,0,1,0,0,0,0
could,5,0,1,0,0,2,0,0,0,2,0,0,0,0
learn,2,1,0,0,0,1,0,0,0,0,0,0,0,0
stuff,3,0,0,0,1,2,0,0,0,0,0,0,0,0
separ,1,0,0,0,0,1,0,0,0,0,0,0,0,0
also,2,0,0,0,0,1,0,0,0,0,1,0,0,0
problem,3,0,2,0,0,1,0,0,0,0,0,0,0,0
photo,1,0,1,0,0,0,0,0,0,0,0,0,0,0
face,4,0,1,0,0,3,0,0,0,0,0,0,0,0
blow,2,0,1,0,1,0,0,0,0,0,0,0,0,0
send,5,0,1,0,2,1,0,0,0,1,0,0,0,0
batman,1,0,0,0,1,0,0,0,0,0,0,0,0,0
take,10,0,3,0,3,3,0,0,0,0,1,0,0,0
bath,1,0,0,0,1,0,0,0,0,0,0,0,0,0
chocol,2,0,0,0,2,0,0,0,0,0,0,0,0,0
milk,2,0,0,0,1,1,0,0,0,0,0,0,0,0
straw,1,0,0,0,1,0,0,0,0,0,0,0,0,0
lack,1,0,0,0,1,0,0,0,0,0,0,0,0,0
said,3,0,0,0,2,1,0,0,0,0,0,0,0,0
hey,1,1,0,0,0,0,0,0,0,0,0,0,0,0
fucker,1,1,0,0,0,0,0,0,0,0,0,0,0,0
wrap,1,0,0,0,1,0,0,0,0,0,0,0,0,0
must,3,0,0,0,2,0,0,0,0,0,1,0,0,0
suck,16,0,8,0,1,3,0,0,0,4,0,0,0,0
b,2,1,0,0,1,0,0,0,0,0,0,0,0,0
abl,2,0,1,0,0,1,0,0,0,0,0,0,0,0
money,4,0,1,1,0,2,0,0,0,0,0,0,0,0
trip,3,0,1,1,0,1,0,0,0,0,0,0,0,0
sad,20,0,15,0,0,5,0,0,0,0,0,0,0,0
today,18,0,4,1,2,7,2,0,0,0,2,0,0,0
good,17,0,4,1,5,3,0,1,1,1,1,0,0,0
thought,3,0,0,1,1,1,0,0,0,0,0,0,0,0
share,1,0,0,1,0,0,0,0,0,0,0,0,0,0
water,5,0,0,1,0,2,0,0,0,2,0,0,0,0
told,3,0,0,1,1,1,0,0,0,0,0,0,0,0
recess,1,0,0,0,1,0,0,0,0,0,0,0,0,0
hotel,1,0,0,0,1,0,0,0,0,0,0,0,0,0
restructur,1,0,0,0,1,0,0,0,0,0,0,0,0,0
account,3,0,1,0,1,1,0,0,0,0,0,0,0,0
done,5,0,1,0,2,0,0,0,0,0,1,0,1,0
add,1,0,0,0,1,0,0,0,0,0,0,0,0,0
bit,4,0,1,0,2,1,0,0,0,0,0,0,0,0
pressur,2,0,0,0,1,1,0,0,0,0,0,0,0,0
short,1,0,0,0,1,0,0,0,0,0,0,0,0,0
term,1,0,0,0,1,0,0,0,0,0,0,0,0,0
cope,1,0,0,0,1,0,0,0,0,0,0,0,0,0
dib,1,0,0,0,1,0,0,0,0,0,0,0,0,0
onward,1,0,1,0,0,0,0,0,0,0,0,0,0,0
upward,1,0,1,0,0,0,0,0,0,0,0,0,0,0
leav,4,0,1,0,1,2,0,0,0,0,0,0,0,0
poor,6,0,1,0,1,4,0,0,0,0,0,0,0,0
sore,3,0,0,0,0,3,0,0,0,0,0,0,0,0
diesel,1,0,1,0,0,0,0,0,0,0,0,0,0,0
avail,1,0,1,0,0,0,0,0,0,0,0,0,0,0
us,3,0,2,0,0,0,0,0,0,0,1,0,0,0
buy,5,0,1,0,2,1,0,0,0,1,0,0,0,0
great,5,0,2,0,1,0,0,0,1,0,1,0,0,0
album,2,0,1,0,0,0,0,1,0,0,0,0,0,0
unfortun,2,0,1,0,0,1,0,0,0,0,0,0,0,0
fund,1,0,1,0,0,0,0,0,0,0,0,0,0,0
long,4,0,1,0,2,1,0,0,0,0,0,0,0,0
noisi,1,0,1,0,0,0,0,0,0,0,0,0,0,0
honesti,1,0,1,0,0,0,0,0,0,0,0,0,0,0
pain,5,0,3,0,0,2,0,0,0,0,0,0,0,0
passeng,1,0,1,0,0,0,0,0,0,0,0,0,0,0
aliv,2,0,1,0,0,0,0,0,1,0,0,0,0,0
dead,2,0,2,0,0,0,0,0,0,0,0,0,0,0
end,2,0,2,0,0,0,0,0,0,0,0,0,0,0
alon,1,0,0,0,1,0,0,0,0,0,0,0,0,0
realli,15,0,4,0,0,8,1,1,0,0,0,1,0,0
happi,4,0,1,0,1,1,0,0,0,0,1,0,0,0
cook,1,0,0,0,0,1,0,0,0,0,0,0,0,0
choic,1,0,0,0,0,1,0,0,0,0,0,0,0,0
fell,3,0,1,0,0,2,0,0,0,0,0,0,0,0
beach,5,1,1,0,0,1,1,0,0,1,0,0,0,0
put,4,0,3,0,0,0,0,1,0,0,0,0,0,0
sunscreen,1,0,1,0,0,0,0,0,0,0,0,0,0,0
son,1,0,0,0,0,1,0,0,0,0,0,0,0,0
might,4,0,1,0,1,1,0,0,0,0,1,0,0,0
flu,1,0,0,0,0,1,0,0,0,0,0,0,0,0
clean,1,0,0,0,0,1,0,0,0,0,0,0,0,0
puke,1,0,0,0,0,1,0,0,0,0,0,0,0,0
mess,1,0,0,0,0,1,0,0,0,0,0,0,0,0
dinner,1,0,0,0,0,0,0,0,0,0,1,0,0,0
cute,3,0,1,0,0,0,0,0,0,0,2,0,0,0
littl,5,0,0,0,1,1,0,1,0,1,1,0,0,0
place,4,0,0,0,1,0,1,0,0,0,2,0,0,0
sick,6,0,2,0,0,3,0,0,0,0,1,0,0,0
woman,1,0,0,0,0,1,0,0,0,0,0,0,0,0
transfer,1,0,0,0,0,1,0,0,0,0,0,0,0,0
onto,1,0,0,0,0,1,0,0,0,0,0,0,0,0
less,2,0,0,0,0,2,0,0,0,0,0,0,0,0
man,3,0,1,0,0,1,1,0,0,0,0,0,0,0
weak,1,0,0,0,0,1,0,0,0,0,0,0,0,0
brother,2,0,0,0,1,1,0,0,0,0,0,0,0,0
bloom,1,0,0,0,1,0,0,0,0,0,0,0,0,0
weekend,8,0,1,0,2,3,0,0,1,0,1,0,0,0
brick,1,0,0,0,1,0,0,0,0,0,0,0,0,0
enjoy,2,0,0,0,2,0,0,0,0,0,0,0,0,0
say,9,0,4,0,2,2,0,0,0,0,1,0,0,0
bitten,1,0,0,0,0,1,0,0,0,0,0,0,0,0
blood,1,0,0,0,0,1,0,0,0,0,0,0,0,0
cat,3,0,1,0,0,1,0,1,0,0,0,0,0,0
rabi,1,0,0,0,0,1,0,0,0,0,0,0,0,0
seem,2,0,0,0,0,2,0,0,0,0,0,0,0,0
shot,1,0,0,0,0,1,0,0,0,0,0,0,0,0
month,4,0,0,0,0,3,1,0,0,0,0,0,0,0
never,13,1,4,1,3,4,0,0,0,0,0,0,0,0
wash,2,0,0,0,0,2,0,0,0,0,0,0,0,0
neither,1,0,0,0,1,0,0,0,0,0,0,0,0,0
dude,2,0,0,0,0,0,1,0,0,0,1,0,0,0
sandwich,1,0,0,0,0,0,0,0,0,0,1,0,0,0
ever,4,0,2,0,0,1,0,0,0,0,1,0,0,0
pictur,3,0,1,0,0,0,0,0,0,0,2,0,0,0
shin,2,0,1,0,0,1,0,0,0,0,0,0,0,0
sure,9,0,1,0,3,2,0,1,0,2,0,0,0,0
back,10,0,3,0,3,4,0,0,0,0,0,0,0,0
abuzz,1,0,0,0,0,1,0,0,0,0,0,0,0,0
knight,2,0,0,0,1,1,0,0,0,0,0,0,0,0
confirm,1,0,0,0,0,1,0,0,0,0,0,0,0,0
mix,1,0,0,0,1,0,0,0,0,0,0,0,0,0
dentist,1,0,0,0,1,0,0,0,0,0,0,0,0,0
reschedul,1,0,0,0,1,0,0,0,0,0,0,0,0,0
excit,2,0,1,0,1,0,0,0,0,0,0,0,0,0
guy,5,0,2,0,0,3,0,0,0,0,0,0,0,0
move,6,0,1,0,0,2,0,0,1,0,0,0,2,0
realiz,1,0,1,0,0,0,0,0,0,0,0,0,0,0
sun,4,0,1,0,1,1,1,0,0,0,0,0,0,0
spring,1,0,0,0,0,1,0,0,0,0,0,0,0,0
hail,1,0,0,0,0,1,0,0,0,0,0,0,0,0
car,2,0,0,0,0,2,0,0,0,0,0,0,0,0
dimpl,1,0,0,0,0,1,0,0,0,0,0,0,0,0
stick,2,0,1,0,0,0,1,0,0,0,0,0,0,0
fresh,1,0,0,0,0,1,0,0,0,0,0,0,0,0
princ,1,0,0,0,0,1,0,0,0,0,0,0,0,0
routin,1,0,0,0,0,1,0,0,0,0,0,0,0,0
ta,5,0,1,0,3,1,0,0,0,0,0,0,0,0
dammit,1,0,0,0,0,0,0,0,0,1,0,0,0,0
desktop,2,0,0,0,1,0,0,0,0,1,0,0,0,0
total,2,0,1,0,0,0,0,0,0,1,0,0,0,0
abil,1,0,0,0,0,0,0,0,0,1,0,0,0,0
particular,1,0,0,0,0,0,0,0,0,1,0,0,0,0
port,2,0,0,0,0,0,0,0,0,2,0,0,0,0
code,1,0,0,0,0,0,0,0,0,1,0,0,0,0
jealous,2,0,0,0,0,2,0,0,0,0,0,0,0,0
make,13,0,4,1,1,6,0,0,0,1,0,0,0,0
puppi,3,0,1,0,0,2,0,0,0,0,0,0,0,0
play,12,0,4,0,6,2,0,0,0,0,0,0,0,0
stuck,3,0,1,0,0,2,0,0,0,0,0,0,0,0
head,7,0,2,0,1,4,0,0,0,0,0,0,0,0
jerk,1,0,0,0,0,1,0,0,0,0,0,0,0,0
sweetheart,1,0,0,0,1,0,0,0,0,0,0,0,0,0
freak,1,0,0,0,1,0,0,0,0,0,0,0,0,0
difficult,2,0,1,0,1,0,0,0,0,0,0,0,0,0
shit,3,0,1,0,1,0,0,0,0,1,0,0,0,0
settl,1,0,0,0,1,0,0,0,0,0,0,0,0,0
offic,2,0,0,0,2,0,0,0,0,0,0,0,0,0
suit,1,0,0,0,1,0,0,0,0,0,0,0,0,0
unhelp,1,0,0,0,1,0,0,0,0,0,0,0,0,0
window,2,0,0,0,1,0,0,0,0,1,0,0,0,0
due,3,1,0,0,0,2,0,0,0,0,0,0,0,0
summer,5,0,2,0,0,1,0,1,0,1,0,0,0,0
strawberri,1,0,0,0,0,1,0,0,0,0,0,0,0,0
market,1,0,0,0,0,1,0,0,0,0,0,0,0,0
correct,1,0,0,0,0,0,0,1,0,0,0,0,0,0
ador,1,0,0,0,0,0,0,1,0,0,0,0,0,0
pluck,1,0,0,0,0,0,0,1,0,0,0,0,0,0
arm,1,0,0,0,0,0,0,1,0,0,0,0,0,0
wan,8,0,2,0,0,5,0,0,0,0,1,0,0,0
paid,1,0,1,0,0,0,0,0,0,0,0,0,0,0
teacher,3,0,1,0,0,0,0,0,0,1,1,0,0,0
life,5,0,3,0,0,0,0,0,0,1,0,0,1,0
drop,1,0,0,0,0,1,0,0,0,0,0,0,0,0
mobil,2,0,0,0,0,2,0,0,0,0,0,0,0,0
charg,2,0,0,0,0,2,0,0,0,0,0,0,0,0
data,1,0,0,0,0,1,0,0,0,0,0,0,0,0
win,2,0,1,0,0,0,0,0,0,1,0,0,0,0
sigh,1,0,0,0,0,0,0,0,0,1,0,0,0,0
real,3,0,1,0,2,0,0,0,0,0,0,0,0,0
darn,1,0,1,0,0,0,0,0,0,0,0,0,0,0
allergi,2,0,2,0,0,0,0,0,0,0,0,0,0,0
use,5,0,2,0,0,2,1,0,0,0,0,0,0,0
either,3,0,2,0,0,1,0,0,0,0,0,0,0,0
minut,2,0,0,0,0,1,0,0,0,0,1,0,0,0
websit,1,0,0,0,0,0,0,0,0,1,0,0,0,0
gave,3,0,1,0,0,0,0,0,0,1,1,0,0,0
virus,1,0,0,0,0,0,0,0,0,1,0,0,0,0
kept,1,0,0,0,0,0,0,0,0,1,0,0,0,0
pop,1,0,0,0,0,0,0,0,0,1,0,0,0,0
big,3,0,0,0,1,2,0,0,0,0,0,0,0,0
scari,2,0,0,0,0,1,0,0,0,0,0,0,1,0
bug,1,0,0,0,0,1,0,0,0,0,0,0,0,0
fli,2,0,0,0,0,2,0,0,0,0,0,0,0,0
room,3,0,2,0,0,1,0,0,0,0,0,0,0,0
wish,13,0,6,0,2,3,0,0,0,2,0,0,0,0
knew,2,0,1,0,0,1,0,0,0,0,0,0,0,0
stole,1,0,1,0,0,0,0,0,0,0,0,0,0,0
heart,1,0,1,0,0,0,0,0,0,0,0,0,0,0
occasion,1,0,1,0,0,0,0,0,0,0,0,0,0,0
look,18,0,3,0,3,7,2,0,1,1,1,0,0,0
nasti,2,0,0,0,0,2,0,0,0,0,0,0,0,0
cough,1,0,0,0,0,1,0,0,0,0,0,0,0,0
huge,1,0,0,0,0,1,0,0,0,0,0,0,0,0
ahead,1,0,0,0,0,1,0,0,0,0,0,0,0,0
stone,1,0,0,0,1,0,0,0,0,0,0,0,0,0
cold,3,0,0,0,2,0,0,0,0,1,0,0,0,0
crazi,1,0,0,0,1,0,0,0,0,0,0,0,0,0
shift,3,0,1,0,1,0,0,0,0,0,0,1,0,0
cum,1,0,0,0,1,0,0,0,0,0,0,0,0,0
second,2,0,1,0,1,0,0,0,0,0,0,0,0,0
rain,2,1,0,0,1,0,0,0,0,0,0,0,0,0
birth,1,0,1,0,0,0,0,0,0,0,0,0,0,0
case,1,0,1,0,0,0,0,0,0,0,0,0,0,0
therapi,1,0,1,0,0,0,0,0,0,0,0,0,0,0
medicin,1,0,1,0,0,0,0,0,0,0,0,0,0,0
anyon,4,0,0,0,2,2,0,0,0,0,0,0,0,0
els,3,0,1,0,2,0,0,0,0,0,0,0,0,0
hair,5,0,0,0,2,3,0,0,0,0,0,0,0,0
deflat,3,0,1,0,1,1,0,0,0,0,0,0,0,0
duck,1,0,1,0,0,0,0,0,0,0,0,0,0,0
nut,1,0,1,0,0,0,0,0,0,0,0,0,0,0
almost,4,1,1,0,1,0,0,0,0,0,1,0,0,0
guess,6,0,1,0,2,1,0,0,0,1,0,1,0,0
retri,1,0,0,0,1,0,0,0,0,0,0,0,0,0
tasteless,1,0,0,0,0,0,0,0,0,1,0,0,0,0
expens,2,0,0,0,0,1,0,0,0,1,0,0,0,0
portion,1,0,0,0,0,0,0,0,0,1,0,0,0,0
sound,3,0,0,1,1,0,0,1,0,0,0,0,0,0
appreci,2,0,0,0,0,1,0,1,0,0,0,0,0,0
suggest,2,0,0,0,1,0,0,1,0,0,0,0,0,0
ask,3,0,0,0,0,1,1,1,0,0,0,0,0,0
refund,2,0,0,0,0,1,0,1,0,0,0,0,0,0
die,5,0,2,0,0,2,0,0,0,0,1,0,0,0
wait,7,0,0,0,2,1,0,1,0,0,1,1,1,0
magic,1,0,0,0,0,1,0,0,0,0,0,0,0,0
jack,1,0,0,0,0,1,0,0,0,0,0,0,0,0
read,5,0,1,0,1,3,0,0,0,0,0,0,0,0
karma,1,0,1,0,0,0,0,0,0,0,0,0,0,0
point,1,0,1,0,0,0,0,0,0,0,0,0,0,0
turn,2,0,1,0,0,1,0,0,0,0,0,0,0,0
glass,1,0,0,0,0,0,0,0,0,0,1,0,0,0
wine,1,0,0,0,0,0,0,0,0,0,1,0,0,0
order,1,0,0,0,0,0,0,0,0,0,1,0,0,0
celebr,1,0,0,0,0,0,0,0,0,0,1,0,0,0
miser,1,0,1,0,0,0,0,0,0,0,0,0,0,0
ran,2,0,0,0,1,1,0,0,0,0,0,0,0,0
beer,2,0,0,0,1,0,0,0,0,0,1,0,0,0
left,7,0,2,0,2,1,1,0,0,1,0,0,0,0
nose,1,0,0,0,0,1,0,0,0,0,0,0,0,0
stud,1,0,0,0,0,1,0,0,0,0,0,0,0,0
find,2,0,1,0,0,1,0,0,0,0,0,0,0,0
show,5,0,0,0,3,1,0,0,0,1,0,0,0,0
radio,1,0,0,0,1,0,0,0,0,0,0,0,0,0
pat,1,0,0,0,0,0,0,1,0,0,0,0,0,0
boyfriend,1,0,0,0,0,0,0,1,0,0,0,0,0,0
focus,1,0,0,0,1,0,0,0,0,0,0,0,0,0
tom,1,0,0,0,1,0,0,0,0,0,0,0,0,0
belov,1,0,0,0,1,0,0,0,0,0,0,0,0,0
vote,2,0,1,0,1,0,0,0,0,0,0,0,0,0
presid,1,0,0,0,1,0,0,0,0,0,0,0,0,0
epicentr,2,0,0,0,1,0,1,0,0,0,0,0,0,0
tourist,2,0,0,0,1,0,1,0,0,0,0,0,0,0
depress,1,0,1,0,0,0,0,0,0,0,0,0,0,0
danc,2,0,1,0,0,1,0,0,0,0,0,0,0,0
cross,1,0,1,0,0,0,0,0,0,0,0,0,0,0
twiddl,1,0,1,0,0,0,0,0,0,0,0,0,0,0
thumb,1,0,1,0,0,0,0,0,0,0,0,0,0,0
idea,2,0,0,0,1,1,0,0,0,0,0,0,0,0
investig,1,0,0,0,1,0,0,0,0,0,0,0,0,0
awe,1,0,0,0,1,0,0,0,0,0,0,0,0,0
babi,5,0,1,0,1,1,0,1,0,1,0,0,0,0
answer,2,1,0,0,0,1,0,0,0,0,0,0,0,0
basic,1,1,0,0,0,0,0,0,0,0,0,0,0,0
achiev,1,0,0,0,0,1,0,0,0,0,0,0,0,0
build,1,0,0,0,0,1,0,0,0,0,0,0,0,0
script,1,0,0,0,0,1,0,0,0,0,0,0,0,0
cumbersom,1,0,0,0,0,1,0,0,0,0,0,0,0,0
ill,4,0,0,0,3,0,1,0,0,0,0,0,0,0
nap,1,0,0,0,1,0,0,0,0,0,0,0,0,0
hour,7,0,0,0,4,1,0,0,0,1,0,0,1,0
rip,1,0,0,0,0,0,0,0,1,0,0,0,0,0
mini,2,0,0,0,0,0,1,0,1,0,0,0,0,0
fiddler,1,0,0,0,0,0,0,0,1,0,0,0,0,0
crab,2,0,0,0,0,1,0,0,1,0,0,0,0,0
morn,6,0,1,0,2,0,1,0,0,2,0,0,0,0
uni,1,0,1,0,0,0,0,0,0,0,0,0,0,0
thank,3,0,0,0,0,1,0,1,0,1,0,0,0,0
close,5,0,1,0,2,1,0,1,0,0,0,0,0,0
yet,1,0,0,0,0,0,0,1,0,0,0,0,0,0
hurt,9,0,3,0,0,6,0,0,0,0,0,0,0,0
scream,1,0,0,0,0,1,0,0,0,0,0,0,0,0
somewher,1,0,0,0,0,1,0,0,0,0,0,0,0,0
challeng,1,0,0,0,0,1,0,0,0,0,0,0,0,0
commit,1,0,0,0,0,1,0,0,0,0,0,0,0,0
check,1,0,0,0,0,1,0,0,0,0,0,0,0,0
email,4,0,1,0,0,3,0,0,0,0,0,0,0,0
pm,3,0,1,0,0,2,0,0,0,0,0,0,0,0
twice,1,0,0,0,0,1,0,0,0,0,0,0,0,0
post,2,0,1,0,0,1,0,0,0,0,0,0,0,0
auto,1,0,0,0,0,1,0,0,0,0,0,0,0,0
found,4,0,2,0,1,1,0,0,0,0,0,0,0,0
insur,3,0,0,0,0,2,0,0,0,0,0,0,1,0
polici,1,0,0,0,0,1,0,0,0,0,0,0,0,0
expir,1,0,0,0,0,1,0,0,0,0,0,0,0,0
careless,1,0,0,0,0,1,0,0,0,0,0,0,0,0
men,1,0,0,0,0,1,0,0,0,0,0,0,0,0
age,3,0,0,0,1,2,0,0,0,0,0,0,0,0
renew,1,0,0,0,0,1,0,0,0,0,0,0,0,0
tag,1,0,0,0,0,1,0,0,0,0,0,0,0,0
went,6,1,2,0,0,3,0,0,0,0,0,0,0,0
sole,1,0,0,0,0,1,0,0,0,0,0,0,0,0
support,1,0,0,0,0,1,0,0,0,0,0,0,0,0
finish,3,0,0,0,0,0,0,0,1,1,0,0,1,0
stop,4,0,1,0,1,1,0,0,0,1,0,0,0,0
husband,1,0,1,0,0,0,0,0,0,0,0,0,0,0
memo,1,0,0,0,0,0,0,0,1,0,0,0,0,0
given,1,0,1,0,0,0,0,0,0,0,0,0,0,0
pizza,1,0,1,0,0,0,0,0,0,0,0,0,0,0
kid,1,0,1,0,0,0,0,0,0,0,0,0,0,0
let,9,0,3,0,2,2,1,0,0,1,0,0,0,0
hot,3,0,1,0,1,1,0,0,0,0,0,0,0,0
tabloid,1,0,0,0,0,1,0,0,0,0,0,0,0,0
live,8,0,2,0,3,2,1,0,0,0,0,0,0,0
mine,1,0,0,0,0,1,0,0,0,0,0,0,0,0
yearl,1,0,1,0,0,0,0,0,0,0,0,0,0,0
pet,1,0,1,0,0,0,0,0,0,0,0,0,0,0
famili,2,0,1,0,0,1,0,0,0,0,0,0,0,0
fun,7,0,1,1,3,0,0,0,1,1,0,0,0,0
hell,1,0,0,0,1,0,0,0,0,0,0,0,0,0
giant,2,0,0,0,0,1,0,0,0,1,0,0,0,0
splinter,1,0,0,0,0,1,0,0,0,0,0,0,0,0
underneath,1,0,0,0,0,1,0,0,0,0,0,0,0,0
finger,1,0,0,0,0,1,0,0,0,0,0,0,0,0
nail,1,0,0,0,0,1,0,0,0,0,0,0,0,0
aid,1,0,0,0,0,1,0,0,0,0,0,0,0,0
chang,2,0,1,0,0,1,0,0,0,0,0,0,0,0
cours,2,0,2,0,0,0,0,0,0,0,0,0,0,0
fan,1,0,1,0,0,0,0,0,0,0,0,0,0,0
met,3,0,1,0,0,1,0,0,0,0,1,0,0,0
rob,2,0,2,0,0,0,0,0,0,0,0,0,0,0
horribl,3,0,1,0,0,1,0,0,0,1,0,0,0,0
odd,1,0,1,0,0,0,0,0,0,0,0,0,0,0
warn,1,0,1,0,0,0,0,0,0,0,0,0,0,0
actual,2,0,1,0,1,0,0,0,0,0,0,0,0,0
appli,1,0,1,0,0,0,0,0,0,0,0,0,0,0
upload,2,0,1,0,0,0,0,1,0,0,0,0,0,0
stori,2,0,1,0,1,0,0,0,0,0,0,0,0,0
hi,1,0,0,0,1,0,0,0,0,0,0,0,0,0
addict,1,0,0,0,0,1,0,0,0,0,0,0,0,0
kind,2,0,0,0,0,2,0,0,0,0,0,0,0,0
curs,1,0,0,0,0,1,0,0,0,0,0,0,0,0
music,3,0,0,0,0,2,0,0,0,0,1,0,0,0
afterward,1,0,0,0,0,1,0,0,0,0,0,0,0,0
phone,4,0,2,0,1,1,0,0,0,0,0,0,0,0
slow,1,0,0,0,0,0,0,0,1,0,0,0,0,0
insan,1,0,0,0,0,0,0,0,1,0,0,0,0,0
tonight,9,0,2,0,3,1,0,0,1,1,0,0,1,0
goodnight,2,1,0,0,0,1,0,0,0,0,0,0,0,0
parent,2,0,1,0,1,0,0,0,0,0,0,0,0,0
control,1,0,0,0,1,0,0,0,0,0,0,0,0,0
vintag,1,0,0,0,0,0,0,0,1,0,0,0,0,0
best,1,0,0,0,0,0,0,0,1,0,0,0,0,0
dress,1,0,0,0,0,0,0,0,1,0,0,0,0,0
saw,2,0,1,0,0,0,1,0,0,0,0,0,0,0
past,1,0,1,0,0,0,0,0,0,0,0,0,0,0
thanksgiv,1,0,1,0,0,0,0,0,0,0,0,0,0,0
grandma,1,0,1,0,0,0,0,0,0,0,0,0,0,0
wont,3,0,0,0,1,2,0,0,0,0,0,0,0,0
took,2,0,1,0,0,0,0,0,0,0,1,0,0,0
spent,1,0,0,0,0,1,0,0,0,0,0,0,0,0
e,1,0,0,0,0,1,0,0,0,0,0,0,0,0
er,3,0,2,0,0,1,0,0,0,0,0,0,0,0
wife,1,0,0,0,0,1,0,0,0,0,0,0,0,0
tangl,1,0,0,0,0,1,0,0,0,0,0,0,0,0
wheel,1,0,0,0,0,1,0,0,0,0,0,0,0,0
daughter,1,0,0,0,0,1,0,0,0,0,0,0,0,0
deck,1,0,0,0,0,1,0,0,0,0,0,0,0,0
disloc,1,0,0,0,0,1,0,0,0,0,0,0,0,0
fractur,1,0,0,0,0,1,0,0,0,0,0,0,0,0
readi,2,0,0,0,1,1,0,0,0,0,0,0,0,0
visit,1,0,0,0,0,1,0,0,0,0,0,0,0,0
heard,2,0,0,0,0,2,0,0,0,0,0,0,0,0
hear,5,0,2,0,0,1,1,1,0,0,0,0,0,0
thunder,2,0,0,0,0,0,1,0,0,0,0,0,1,0
fat,1,0,0,0,0,0,1,0,0,0,0,0,0,0
winner,1,0,0,0,0,0,1,0,0,0,0,0,0,0
red,2,0,1,0,0,0,0,0,0,1,0,0,0,0
disappoint,3,0,3,0,0,0,0,0,0,0,0,0,0,0
dream,1,0,0,0,0,0,1,0,0,0,0,0,0,0
pretti,5,0,0,0,0,0,2,1,1,1,0,0,0,0
fast,1,0,1,0,0,0,0,0,0,0,0,0,0,0
tri,7,0,2,0,1,3,0,0,0,1,0,0,0,0
heck,1,0,0,0,0,0,1,0,0,0,0,0,0,0
garag,2,0,0,0,0,1,1,0,0,0,0,0,0,0
pleas,3,0,1,0,0,2,0,0,0,0,0,0,0,0
forgiv,1,0,0,0,0,1,0,0,0,0,0,0,0,0
lose,3,0,1,0,0,2,0,0,0,0,0,0,0,0
probabl,3,0,0,0,1,0,0,0,1,1,0,0,0,0
note,2,0,0,0,0,0,0,0,1,1,0,0,0,0
self,2,0,0,0,0,0,0,0,1,1,0,0,0,0
plane,1,0,0,0,0,1,0,0,0,0,0,0,0,0
job,5,0,1,0,0,4,0,0,0,0,0,0,0,0
coffe,1,0,0,0,0,1,0,0,0,0,0,0,0,0
roaster,1,0,0,0,0,1,0,0,0,0,0,0,0,0
person,2,0,0,0,0,2,0,0,0,0,0,0,0,0
speak,2,0,0,0,0,2,0,0,0,0,0,0,0,0
holiday,2,0,0,0,1,1,0,0,0,0,0,0,0,0
latter,1,0,1,0,0,0,0,0,0,0,0,0,0,0
voodoo,1,0,1,0,0,0,0,0,0,0,0,0,0,0
villag,1,0,1,0,0,0,0,0,0,0,0,0,0,0
usual,1,0,1,0,0,0,0,0,0,0,0,0,0,0
partner,1,0,1,0,0,0,0,0,0,0,0,0,0,0
bore,5,1,0,0,1,0,1,0,0,0,1,1,0,0
oppos,1,1,0,0,0,0,0,0,0,0,0,0,0,0
awesom,3,0,0,0,1,0,0,0,1,0,1,0,0,0
vacat,1,0,0,0,0,0,0,0,0,1,0,0,0,0
girli,1,0,0,0,1,0,0,0,0,0,0,0,0,0
gym,1,0,0,0,1,0,0,0,0,0,0,0,0,0
sever,1,0,0,0,0,0,0,0,0,1,0,0,0,0
doc,1,0,0,0,0,0,0,0,0,1,0,0,0,0
prescript,1,0,0,0,0,0,0,0,0,1,0,0,0,0
game,3,1,1,0,0,0,0,1,0,0,0,0,0,0
internet,2,0,1,0,0,1,0,0,0,0,0,0,0,0
massiv,2,0,1,0,0,1,0,0,0,0,0,0,0,0
explos,1,0,1,0,0,0,0,0,0,0,0,0,0,0
nearbi,1,0,1,0,0,0,0,0,0,0,0,0,0,0
gas,1,0,1,0,0,0,0,0,0,0,0,0,0,0
standbi,1,0,1,0,0,0,0,0,0,0,0,0,0,0
airlin,1,0,0,0,0,0,0,0,0,1,0,0,0,0
super,2,0,0,0,0,1,0,0,0,1,0,0,0,0
piti,1,0,1,0,0,0,0,0,0,0,0,0,0,0
lamb,1,0,1,0,0,0,0,0,0,0,0,0,0,0
optimist,1,0,1,0,0,0,0,0,0,0,0,0,0,0
paint,1,0,0,0,0,0,0,0,0,0,0,0,1,0
bedroom,1,0,0,0,0,0,0,0,0,0,0,0,1,0
furnitur,1,0,0,0,0,0,0,0,0,0,0,0,1,0
tabl,2,0,0,0,0,1,0,0,0,0,0,0,1,0
heat,1,0,0,0,0,0,0,0,0,0,0,0,1,0
hungri,3,0,0,0,2,0,0,0,0,0,0,0,1,0
fool,1,0,0,0,1,0,0,0,0,0,0,0,0,0
airport,3,0,0,0,3,0,0,0,0,0,0,0,0,0
homo,2,0,0,0,2,0,0,0,0,0,0,0,0,0
alreadi,3,0,0,0,1,0,0,0,0,1,1,0,0,0
access,1,0,0,0,1,0,0,0,0,0,0,0,0,0
link,3,0,1,0,2,0,0,0,0,0,0,0,0,0
hous,3,0,0,0,0,3,0,0,0,0,0,0,0,0
door,1,0,0,0,0,1,0,0,0,0,0,0,0,0
complet,2,0,1,0,0,0,1,0,0,0,0,0,0,0
quizz,1,0,0,0,0,0,1,0,0,0,0,0,0,0
especi,1,0,0,0,0,0,1,0,0,0,0,0,0,0
possibl,1,0,0,0,0,1,0,0,0,0,0,0,0,0
side,1,0,0,0,0,1,0,0,0,0,0,0,0,0
brain,1,0,0,0,0,1,0,0,0,0,0,0,0,0
shunt,1,0,0,0,0,1,0,0,0,0,0,0,0,0
death,2,0,0,0,1,1,0,0,0,0,0,0,0,0
cancel,2,0,2,0,0,0,0,0,0,0,0,0,0,0
wow,1,0,1,0,0,0,0,0,0,0,0,0,0,0
profil,1,0,0,0,0,1,0,0,0,0,0,0,0,0
instrument,1,0,0,0,0,1,0,0,0,0,0,0,0,0
studio,1,0,0,0,0,1,0,0,0,0,0,0,0,0
helicopt,1,0,0,0,0,1,0,0,0,0,0,0,0,0
weird,1,0,0,0,0,1,0,0,0,0,0,0,0,0
ms,1,0,0,0,1,0,0,0,0,0,0,0,0,0
ft,1,0,0,0,1,0,0,0,0,0,0,0,0,0
okay,2,0,0,0,1,1,0,0,0,0,0,0,0,0
poll,1,0,0,0,1,0,0,0,0,0,0,0,0,0
test,1,0,0,0,0,0,0,0,0,0,1,0,0,0
bring,1,0,0,0,0,0,0,0,0,0,1,0,0,0
calcul,1,0,0,0,0,0,0,0,0,0,1,0,0,0
confid,1,0,0,0,0,0,0,0,0,0,1,0,0,0
decid,3,0,0,0,1,1,0,0,0,0,1,0,0,0
concert,1,0,0,0,0,0,0,0,0,0,1,0,0,0
madrig,1,0,0,0,0,0,0,0,0,0,1,0,0,0
chill,1,0,0,0,0,0,0,0,0,0,1,0,0,0
everi,2,0,1,0,0,0,0,0,0,0,1,0,0,0
piec,2,0,0,0,1,0,0,0,0,0,1,0,0,0
brook,1,0,0,0,0,0,0,0,0,0,1,0,0,0
alumni,1,0,0,0,0,0,0,0,0,0,1,0,0,0
terribl,1,0,0,0,1,0,0,0,0,0,0,0,0,0
cockatoo,1,0,0,0,1,0,0,0,0,0,0,0,0,0
hardest,1,0,0,0,1,0,0,0,0,0,0,0,0,0
emot,1,0,0,0,1,0,0,0,0,0,0,0,0,0
sicker,1,0,0,0,0,1,0,0,0,0,0,0,0,0
slight,1,0,0,0,0,1,0,0,0,0,0,0,0,0
achi,1,0,0,0,0,1,0,0,0,0,0,0,0,0
harper,1,1,0,0,0,0,0,0,0,0,0,0,0,0
island,1,1,0,0,0,0,0,0,0,0,0,0,0,0
vodka,1,1,0,0,0,0,0,0,0,0,0,0,0,0
involv,1,1,0,0,0,0,0,0,0,0,0,0,0,0
homework,2,0,0,0,0,2,0,0,0,0,0,0,0,0
math,2,0,0,0,0,1,0,0,0,1,0,0,0,0
worst,1,0,0,0,0,1,0,0,0,0,0,0,0,0
provid,1,0,0,0,1,0,0,0,0,0,0,0,0,0
black,1,0,0,0,1,0,0,0,0,0,0,0,0,0
sometim,2,0,2,0,0,0,0,0,0,0,0,0,0,0
begin,2,0,1,0,1,0,0,0,0,0,0,0,0,0
download,1,0,0,0,0,1,0,0,0,0,0,0,0,0
updat,1,0,0,0,0,1,0,0,0,0,0,0,0,0
fix,2,0,1,0,0,1,0,0,0,0,0,0,0,0
north,1,1,0,0,0,0,0,0,0,0,0,0,0,0
goe,1,1,0,0,0,0,0,0,0,0,0,0,0,0
matter,2,0,1,0,0,1,0,0,0,0,0,0,0,0
treadmil,1,0,0,0,0,0,0,0,0,0,1,0,0,0
confus,1,0,0,0,0,1,0,0,0,0,0,0,0,0
enemi,1,0,0,0,1,0,0,0,0,0,0,0,0,0
wrong,2,0,1,0,1,0,0,0,0,0,0,0,0,0
advic,1,0,0,0,1,0,0,0,0,0,0,0,0,0
led,1,0,0,0,1,0,0,0,0,0,0,0,0,0
numer,1,0,0,0,1,0,0,0,0,0,0,0,0,0
zombi,2,0,1,0,0,0,0,0,0,0,1,0,0,0
guitar,1,0,0,0,1,0,0,0,0,0,0,0,0,0
magnific,1,0,0,0,1,0,0,0,0,0,0,0,0,0
retriev,1,0,0,0,0,1,0,0,0,0,0,0,0,0
thief,1,0,0,0,0,1,0,0,0,0,0,0,0,0
hack,2,0,0,0,0,2,0,0,0,0,0,0,0,0
came,1,0,1,0,0,0,0,0,0,0,0,0,0,0
rent,1,0,1,0,0,0,0,0,0,0,0,0,0,0
mislead,1,0,1,0,0,0,0,0,0,0,0,0,0,0
unit,1,0,0,0,0,0,1,0,0,0,0,0,0,0
dew,1,0,0,0,0,0,0,0,0,1,0,0,0,0
scare,1,0,0,0,0,0,0,0,0,1,0,0,0,0
gross,1,0,0,0,0,0,0,0,0,1,0,0,0,0
keen,1,0,0,0,0,1,0,0,0,0,0,0,0,0
drive,2,0,0,0,1,1,0,0,0,0,0,0,0,0
addit,1,0,0,0,0,1,0,0,0,0,0,0,0,0
concentr,1,0,0,0,0,1,0,0,0,0,0,0,0,0
requir,1,0,0,0,0,1,0,0,0,0,0,0,0,0
compar,1,0,0,0,0,0,1,0,0,0,0,0,0,0
transport,1,0,0,0,0,1,0,0,0,0,0,0,0,0
church,1,0,0,0,0,1,0,0,0,0,0,0,0,0
assign,1,0,0,0,0,1,0,0,0,0,0,0,0,0
suppos,4,0,0,0,0,2,2,0,0,0,0,0,0,0
throat,1,0,0,0,0,1,0,0,0,0,0,0,0,0
pregnant,1,0,0,0,0,0,0,0,0,1,0,0,0,0
women,1,0,0,0,0,0,0,0,0,1,0,0,0,0
irrespons,1,0,0,0,0,0,0,0,0,1,0,0,0,0
selfish,1,0,0,0,0,0,0,0,0,1,0,0,0,0
ultim,1,0,0,0,0,0,0,0,0,1,0,0,0,0
lie,1,0,0,0,0,0,0,0,0,1,0,0,0,0
avoid,1,0,0,0,0,0,0,0,0,1,0,0,0,0
practic,2,0,1,0,0,0,0,0,0,1,0,0,0,0
everyth,1,0,0,0,0,0,0,0,0,1,0,0,0,0
rock,2,0,0,0,1,0,0,0,0,1,0,0,0,0
sock,1,0,0,0,1,0,0,0,0,0,0,0,0,0
away,1,0,0,0,1,0,0,0,0,0,0,0,0,0
forgot,3,0,1,0,1,1,0,0,0,0,0,0,0,0
cake,1,0,0,0,1,0,0,0,0,0,0,0,0,0
jump,1,0,0,0,0,1,0,0,0,0,0,0,0,0
without,2,0,0,0,1,1,0,0,0,0,0,0,0,0
trampolin,1,0,0,0,0,1,0,0,0,0,0,0,0,0
eaten,1,0,0,0,0,1,0,0,0,0,0,0,0,0
cooki,1,0,0,0,0,1,0,0,0,0,0,0,0,0
coach,1,0,1,0,0,0,0,0,0,0,0,0,0,0
shitti,1,0,1,0,0,0,0,0,0,0,0,0,0,0
ball,1,0,1,0,0,0,0,0,0,0,0,0,0,0
piss,1,0,1,0,0,0,0,0,0,0,0,0,0,0
follow,3,0,2,0,1,0,0,0,0,0,0,0,0,0
peac,1,0,1,0,0,0,0,0,0,0,0,0,0,0
happen,5,1,2,0,1,1,0,0,0,0,0,0,0,0
everyon,4,0,2,0,0,2,0,0,0,0,0,0,0,0
taco,1,0,0,0,1,0,0,0,0,0,0,0,0,0
spot,1,0,0,0,1,0,0,0,0,0,0,0,0,0
em,1,1,0,0,0,0,0,0,0,0,0,0,0,0
surviv,1,1,0,0,0,0,0,0,0,0,0,0,0,0
seri,1,1,0,0,0,0,0,0,0,0,0,0,0,0
seen,1,0,1,0,0,0,0,0,0,0,0,0,0,0
muffin,1,0,1,0,0,0,0,0,0,0,0,0,0,0
two,1,0,1,0,0,0,0,0,0,0,0,0,0,0
regard,1,0,1,0,0,0,0,0,0,0,0,0,0,0
gap,1,0,0,0,0,0,1,0,0,0,0,0,0,0
quick,2,0,0,0,1,0,1,0,0,0,0,0,0,0
admit,1,0,0,0,0,1,0,0,0,0,0,0,0,0
bum,1,0,0,0,0,1,0,0,0,0,0,0,0,0
walk,3,0,0,0,1,1,0,0,0,1,0,0,0,0
blunt,1,0,0,0,1,0,0,0,0,0,0,0,0,0
mous,1,0,1,0,0,0,0,0,0,0,0,0,0,0
flat,1,0,1,0,0,0,0,0,0,0,0,0,0,0
none,2,0,1,0,1,0,0,0,0,0,0,0,0,0
size,1,0,1,0,0,0,0,0,0,0,0,0,0,0
binder,1,0,0,0,1,0,0,0,0,0,0,0,0,0
pa,1,0,0,0,1,0,0,0,0,0,0,0,0,0
ugli,1,0,0,0,0,0,0,0,0,1,0,0,0,0
hard,2,0,0,0,2,0,0,0,0,0,0,0,0,0
sat,1,0,0,0,0,0,0,0,1,0,0,0,0,0
lot,4,0,0,1,0,1,0,0,1,0,1,0,0,0
world,2,0,1,0,1,0,0,0,0,0,0,0,0,0
believ,2,0,1,0,1,0,0,0,0,0,0,0,0,0
busi,1,0,0,0,1,0,0,0,0,0,0,0,0,0
kinda,2,0,1,0,1,0,0,0,0,0,0,0,0,0
bummer,1,0,0,0,1,0,0,0,0,0,0,0,0,0
set,2,0,0,0,0,1,0,0,0,1,0,0,0,0
sale,2,0,0,0,1,1,0,0,0,0,0,0,0,0
sudden,1,0,0,0,0,1,0,0,0,0,0,0,0,0
respond,1,0,0,0,0,1,0,0,0,0,0,0,0,0
messag,2,0,0,0,0,1,0,0,0,1,0,0,0,0
dad,3,0,0,0,3,0,0,0,0,0,0,0,0,0
articl,1,0,0,0,1,0,0,0,0,0,0,0,0,0
bee,1,0,0,0,1,0,0,0,0,0,0,0,0,0
cur,1,0,0,0,0,1,0,0,0,0,0,0,0,0
justifi,1,0,0,0,0,1,0,0,0,0,0,0,0,0
burn,1,0,0,0,0,1,0,0,0,0,0,0,0,0
curler,1,0,0,0,0,1,0,0,0,0,0,0,0,0
hand,1,0,0,0,0,1,0,0,0,0,0,0,0,0
cover,1,0,0,0,0,1,0,0,0,0,0,0,0,0
yea,1,0,0,0,1,0,0,0,0,0,0,0,0,0
dog,3,0,1,0,0,1,0,0,0,1,0,0,0,0
teach,1,0,0,0,0,0,0,0,0,1,0,0,0,0
sprain,1,0,0,0,0,1,0,0,0,0,0,0,0,0
ankl,1,0,0,0,0,1,0,0,0,0,0,0,0,0
tore,1,0,0,0,0,1,0,0,0,0,0,0,0,0
birthday,1,0,0,0,0,1,0,0,0,0,0,0,0,0
metal,1,0,1,0,0,0,0,0,0,0,0,0,0,0
gear,1,0,1,0,0,0,0,0,0,0,0,0,0,0
solid,1,0,1,0,0,0,0,0,0,0,0,0,0,0
stolen,1,0,1,0,0,0,0,0,0,0,0,0,0,0
may,2,0,1,0,0,0,0,0,0,1,0,0,0,0
broke,3,0,2,0,0,0,0,0,0,1,0,0,0,0
toe,1,0,0,0,0,0,0,0,0,1,0,0,0,0
bar,1,0,0,0,0,0,0,0,0,1,0,0,0,0
drunk,3,0,0,0,0,2,0,0,0,1,0,0,0,0
explor,1,0,0,0,1,0,0,0,0,0,0,0,0,0
balconi,1,0,0,0,1,0,0,0,0,0,0,0,0,0
void,1,0,0,0,1,0,0,0,0,0,0,0,0,0
fri,1,0,0,0,1,0,0,0,0,0,0,0,0,0
tip,1,0,0,0,1,0,0,0,0,0,0,0,0,0
remind,3,0,0,0,1,2,0,0,0,0,0,0,0,0
diabet,1,0,0,0,1,0,0,0,0,0,0,0,0,0
allow,1,0,0,0,1,0,0,0,0,0,0,0,0,0
eat,1,0,0,0,1,0,0,0,0,0,0,0,0,0
sugar,1,0,0,0,1,0,0,0,0,0,0,0,0,0
throughout,1,0,0,0,1,0,0,0,0,0,0,0,0,0
spill,1,0,0,0,0,0,0,0,0,0,1,0,0,0
leg,1,0,0,0,0,0,0,0,0,0,1,0,0,0
wast,1,0,0,0,0,0,0,0,0,0,1,0,0,0
half,1,0,0,0,0,0,0,0,0,0,1,0,0,0
ignor,1,0,0,0,0,0,0,0,0,1,0,0,0,0
nacho,1,0,0,0,1,0,0,0,0,0,0,0,0,0
made,2,0,0,0,2,0,0,0,0,0,0,0,0,0
judg,1,0,0,0,1,0,0,0,0,0,0,0,0,0
pillow,1,0,0,0,1,0,0,0,0,0,0,0,0,0
lightn,1,0,0,0,0,0,0,0,0,0,0,0,1,0
glad,1,0,0,0,0,0,0,0,0,0,0,0,1,0
teeth,1,0,1,0,0,0,0,0,0,0,0,0,0,0
smell,1,0,1,0,0,0,0,0,0,0,0,0,0,0
weed,1,0,1,0,0,0,0,0,0,0,0,0,0,0
scienc,1,0,0,0,0,0,0,0,0,1,0,0,0,0
strongest,1,0,0,0,0,0,0,0,0,1,0,0,0,0
geographi,1,0,0,0,0,0,0,0,0,1,0,0,0,0
studi,1,0,0,0,0,0,0,0,0,1,0,0,0,0
line,1,0,0,0,0,0,0,0,0,0,0,1,0,0
tryst,1,0,0,0,0,0,0,0,0,0,0,1,0,0
apart,1,0,0,0,0,1,0,0,0,0,0,0,0,0
break,2,0,1,0,0,1,0,0,0,0,0,0,0,0
dawn,2,0,1,0,0,1,0,0,0,0,0,0,0,0
held,1,0,0,0,0,1,0,0,0,0,0,0,0,0
billi,1,0,0,0,0,1,0,0,0,0,0,0,0,0
veronica,1,0,0,0,0,1,0,0,0,0,0,0,0,0
bodi,2,0,0,0,0,2,0,0,0,0,0,0,0,0
shop,3,0,1,1,0,1,0,0,0,0,0,0,0,0
accid,1,0,0,0,0,1,0,0,0,0,0,0,0,0
arrest,1,0,1,0,0,0,0,0,0,0,0,0,0,0
develop,1,0,1,0,0,0,0,0,0,0,0,0,0,0
wick,1,0,0,0,1,0,0,0,0,0,0,0,0,0
stay,2,0,0,0,1,1,0,0,0,0,0,0,0,0
goal,1,0,1,0,0,0,0,0,0,0,0,0,0,0
how,1,0,0,0,0,1,0,0,0,0,0,0,0,0
empti,2,0,2,0,0,0,0,0,0,0,0,0,0,0
trash,1,0,1,0,0,0,0,0,0,0,0,0,0,0
mac,1,0,1,0,0,0,0,0,0,0,0,0,0,0
contact,1,0,1,0,0,0,0,0,0,0,0,0,0,0
paw,1,0,1,0,0,0,0,0,0,0,0,0,0,0
tiger,1,0,1,0,0,0,0,0,0,0,0,0,0,0
owner,1,0,1,0,0,0,0,0,0,0,0,0,0,0
pray,1,0,0,0,0,1,0,0,0,0,0,0,0,0
arroyo,1,0,0,0,0,1,0,0,0,0,0,0,0,0
manual,1,0,0,0,1,0,0,0,0,0,0,0,0,0
process,1,0,0,0,1,0,0,0,0,0,0,0,0,0
outlook,1,0,0,0,1,0,0,0,0,0,0,0,0,0
databas,1,0,0,0,1,0,0,0,0,0,0,0,0,0
crappi,1,0,0,0,1,0,0,0,0,0,0,0,0,0
product,1,0,0,0,1,0,0,0,0,0,0,0,0,0
store,3,0,2,0,0,1,0,0,0,0,0,0,0,0
quiet,1,0,1,0,0,0,0,0,0,0,0,0,0,0
other,1,0,0,0,0,0,0,0,0,1,0,0,0,0
afford,1,0,0,0,0,0,0,0,0,1,0,0,0,0
drum,1,0,0,0,0,0,0,0,0,1,0,0,0,0
sent,1,0,0,0,0,1,0,0,0,0,0,0,0,0
info,1,0,0,0,0,1,0,0,0,0,0,0,0,0
pilot,1,0,0,0,0,1,0,0,0,0,0,0,0,0
season,1,0,0,0,0,1,0,0,0,0,0,0,0,0
light,1,0,0,0,0,1,0,0,0,0,0,0,0,0
gosh,1,0,0,0,0,1,0,0,0,0,0,0,0,0
tissu,1,0,0,0,0,1,0,0,0,0,0,0,0,0
cystic,1,0,0,0,0,1,0,0,0,0,0,0,0,0
eye,1,0,0,0,0,1,0,0,0,0,0,0,0,0
swollen,2,0,0,0,0,2,0,0,0,0,0,0,0,0
caught,1,0,0,0,0,1,0,0,0,0,0,0,0,0
file,1,0,1,0,0,0,0,0,0,0,0,0,0,0
bankruptci,1,0,1,0,0,0,0,0,0,0,0,0,0,0
doubl,1,0,0,0,0,0,0,0,0,0,0,1,0,0
zoo,1,0,0,0,0,1,0,0,0,0,0,0,0,0
reli,1,0,0,0,0,1,0,0,0,0,0,0,0,0
hose,1,0,0,0,0,0,0,0,0,1,0,0,0,0
float,1,0,0,0,0,0,0,0,0,1,0,0,0,0
floor,1,0,0,0,0,0,0,0,0,1,0,0,0,0
dread,1,0,1,0,0,0,0,0,0,0,0,0,0,0
class,2,0,0,0,0,1,0,0,0,0,1,0,0,0
interact,1,0,0,0,0,0,0,0,0,0,1,0,0,0
oral,1,0,0,0,0,0,0,0,0,0,1,0,0,0
karaok,1,0,0,0,1,0,0,0,0,0,0,0,0,0
special,2,0,0,0,1,1,0,0,0,0,0,0,0,0
growl,1,0,0,0,0,1,0,0,0,0,0,0,0,0
scar,1,0,0,0,0,1,0,0,0,0,0,0,0,0
wit,1,0,0,0,0,1,0,0,0,0,0,0,0,0
dis,1,0,0,0,0,1,0,0,0,0,0,0,0,0
plus,1,0,0,0,1,0,0,0,0,0,0,0,0,0
sushi,1,0,0,0,1,0,0,0,0,0,0,0,0,0
kick,2,0,0,0,0,1,1,0,0,0,0,0,0,0
forward,1,0,0,0,0,1,0,0,0,0,0,0,0,0
swift,1,0,1,0,0,0,0,0,0,0,0,0,0,0
togeth,3,0,2,0,0,0,0,1,0,0,0,0,0,0
sentenc,1,0,0,0,0,1,0,0,0,0,0,0,0,0
outlin,1,0,0,0,0,1,0,0,0,0,0,0,0,0
research,1,0,0,0,0,1,0,0,0,0,0,0,0,0
within,1,0,0,0,0,1,0,0,0,0,0,0,0,0
neck,1,0,0,0,0,1,0,0,0,0,0,0,0,0
across,1,0,0,0,0,1,0,0,0,0,0,0,0,0
miscarriag,1,0,0,0,0,1,0,0,0,0,0,0,0,0
prayer,1,0,0,0,0,1,0,0,0,0,0,0,0,0
god,1,0,1,0,0,0,0,0,0,0,0,0,0,0
thunderstorm,1,0,0,0,0,0,0,0,0,1,0,0,0,0
boo,1,0,0,0,0,0,0,0,0,1,0,0,0,0
power,3,0,0,0,1,0,0,0,0,2,0,0,0,0
book,1,0,1,0,0,0,0,0,0,0,0,0,0,0
journal,1,0,1,0,0,0,0,0,0,0,0,0,0,0
lip,1,0,1,0,0,0,0,0,0,0,0,0,0,0
herp,1,0,1,0,0,0,0,0,0,0,0,0,0,0
encor,1,0,0,0,0,0,0,0,0,1,0,0,0,0
boy,1,0,0,0,0,0,0,0,0,1,0,0,0,0
dun,1,0,1,0,0,0,0,0,0,0,0,0,0,0
kit,1,0,1,0,0,0,0,0,0,0,0,0,0,0
flyer,1,0,1,0,0,0,0,0,0,0,0,0,0,0
mani,1,0,1,0,0,0,0,0,0,0,0,0,0,0
lame,1,0,1,0,0,0,0,0,0,0,0,0,0,0
peep,1,0,0,0,1,0,0,0,0,0,0,0,0,0
cool,2,0,0,0,2,0,0,0,0,0,0,0,0,0
chick,1,0,0,0,1,0,0,0,0,0,0,0,0,0
often,2,0,0,0,0,2,0,0,0,0,0,0,0,0
stomach,2,0,1,0,0,1,0,0,0,0,0,0,0,0
count,1,0,0,0,1,0,0,0,0,0,0,0,0,0
sunshin,1,0,0,0,1,0,0,0,0,0,0,0,0,0
sf,1,0,0,0,0,0,1,0,0,0,0,0,0,0
excurs,1,0,0,0,0,0,1,0,0,0,0,0,0,0
ass,2,0,0,0,0,0,1,0,0,1,0,0,0,0
safe,1,0,0,0,0,0,0,0,0,0,0,0,1,0
um,2,0,1,0,0,1,0,0,0,0,0,0,0,0
thrown,1,0,1,0,0,0,0,0,0,0,0,0,0,0
van,1,0,1,0,0,0,0,0,0,0,0,0,0,0
yesterday,1,0,1,0,0,0,0,0,0,0,0,0,0,0
taken,1,0,1,0,0,0,0,0,0,0,0,0,0,0
final,1,0,0,0,0,1,0,0,0,0,0,0,0,0
third,1,0,0,0,0,1,0,0,0,0,0,0,0,0
free,1,0,0,0,0,1,0,0,0,0,0,0,0,0
seat,1,0,0,0,0,1,0,0,0,0,0,0,0,0
gut,1,0,0,0,1,0,0,0,0,0,0,0,0,0
parti,1,0,0,0,0,0,0,0,0,1,0,0,0,0
flash,1,0,0,0,0,0,0,0,0,1,0,0,0,0
except,1,0,0,0,1,0,0,0,0,0,0,0,0,0
bubbl,1,0,0,0,1,0,0,0,0,0,0,0,0,0
cell,1,0,0,0,0,1,0,0,0,0,0,0,0,0
bone,1,0,0,0,0,1,0,0,0,0,0,0,0,0
war,1,0,0,0,1,0,0,0,0,0,0,0,0,0
bk,1,0,0,0,0,0,1,0,0,0,0,0,0,0
shortag,1,0,0,0,0,1,0,0,0,0,0,0,0,0
shell,1,0,0,0,0,1,0,0,0,0,0,0,0,0
comber,1,0,0,0,0,1,0,0,0,0,0,0,0,0
chapter,1,0,0,0,0,0,0,0,0,0,1,0,0,0
hurri,1,0,0,0,0,0,0,0,0,0,1,0,0,0
laptop,1,0,1,0,0,0,0,0,0,0,0,0,0,0
fuck,1,0,1,0,0,0,0,0,0,0,0,0,0,0
chalet,1,0,0,0,1,0,0,0,0,0,0,0,0,0
sight,1,0,0,0,1,0,0,0,0,0,0,0,0,0
v,1,0,0,0,1,0,0,0,0,0,0,0,0,0
similar,1,0,0,0,1,0,0,0,0,0,0,0,0,0
economi,1,0,0,0,0,1,0,0,0,0,0,0,0,0
panicki,1,0,0,0,0,1,0,0,0,0,0,0,0,0
anxious,1,0,0,0,0,1,0,0,0,0,0,0,0,0
cos,1,0,0,0,0,1,0,0,0,0,0,0,0,0
top,1,0,0,0,0,1,0,0,0,0,0,0,0,0
molar,1,0,0,0,0,1,0,0,0,0,0,0,0,0
extract,1,0,0,0,0,1,0,0,0,0,0,0,0,0
numb,1,0,0,0,0,1,0,0,0,0,0,0,0,0
toothach,1,0,0,0,0,1,0,0,0,0,0,0,0,0
sinus,1,0,0,0,0,1,0,0,0,0,0,0,0,0
rap,1,0,0,0,0,1,0,0,0,0,0,0,0,0
maid,1,1,0,0,0,0,0,0,0,0,0,0,0,0
anybodi,1,0,1,0,0,0,0,0,0,0,0,0,0,0
sinc,2,0,1,0,1,0,0,0,0,0,0,0,0,0
refus,1,0,0,0,0,1,0,0,0,0,0,0,0,0
batteri,1,0,0,0,0,1,0,0,0,0,0,0,0,0
sign,1,0,0,0,0,1,0,0,0,0,0,0,0,0
meet,1,0,0,0,0,1,0,0,0,0,0,0,0,0
felt,1,0,1,0,0,0,0,0,0,0,0,0,0,0
crap,1,0,1,0,0,0,0,0,0,0,0,0,0,0
younger,1,0,1,0,0,0,0,0,0,0,0,0,0,0
easier,1,0,1,0,0,0,0,0,0,0,0,0,0,0
physic,1,0,0,0,0,0,0,0,0,0,0,0,1,0
appar,1,0,0,0,0,0,0,0,0,0,0,0,1,0
report,1,0,0,0,0,0,0,0,0,0,0,0,1,0
direct,1,0,0,0,0,0,0,0,0,0,0,0,1,0
list,1,0,0,0,0,1,0,0,0,0,0,0,0,0
bah,1,0,0,0,1,0,0,0,0,0,0,0,0,0
near,1,0,0,0,0,1,0,0,0,0,0,0,0,0
jolt,1,0,0,0,0,1,0,0,0,0,0,0,0,0
panic,1,0,0,0,0,1,0,0,0,0,0,0,0,0
attack,1,0,0,0,0,1,0,0,0,0,0,0,0,0
gay,1,0,0,0,1,0,0,0,0,0,0,0,0,0
thirsti,1,0,1,0,0,0,0,0,0,0,0,0,0,0
blame,1,0,1,0,0,0,0,0,0,0,0,0,0,0
nope,1,0,0,0,0,0,1,0,0,0,0,0,0,0
east,1,0,0,0,0,0,1,0,0,0,0,0,0,0
bet,1,0,0,0,1,0,0,0,0,0,0,0,0,0
huh,1,0,0,0,1,0,0,0,0,0,0,0,0,0
sweat,2,0,0,0,1,1,0,0,0,0,0,0,0,0
noon,1,0,0,0,1,0,0,0,0,0,0,0,0,0
dislik,1,0,1,0,0,0,0,0,0,0,0,0,0,0
tactic,1,0,0,0,0,1,0,0,0,0,0,0,0,0
mistak,1,0,0,0,0,1,0,0,0,0,0,0,0,0
citi,1,0,0,0,0,1,0,0,0,0,0,0,0,0
librari,1,0,0,0,0,1,0,0,0,0,0,0,0,0
ouch,1,0,0,0,0,1,0,0,0,0,0,0,0,0
relax,1,0,0,0,1,0,0,0,0,0,0,0,0,0
natur,1,0,0,0,1,0,0,0,0,0,0,0,0,0
root,1,0,0,0,1,0,0,0,0,0,0,0,0,0
instant,1,0,0,0,1,0,0,0,0,0,0,0,0,0
gratif,1,0,0,0,1,0,0,0,0,0,0,0,0,0
increas,1,0,0,0,1,0,0,0,0,0,0,0,0,0
salari,1,0,0,0,1,0,0,0,0,0,0,0,0,0
touch,1,0,0,0,0,1,0,0,0,0,0,0,0,0
full,1,0,0,0,0,1,0,0,0,0,0,0,0,0
pug,1,0,0,0,0,0,0,1,0,0,0,0,0,0
incred,1,0,0,0,0,0,0,1,0,0,0,0,0,0
replay,1,0,0,0,0,0,0,1,0,0,0,0,0,0
iron,1,0,1,0,0,0,0,0,0,0,0,0,0,0
chef,1,0,1,0,0,0,0,0,0,0,0,0,0,0
version,1,0,1,0,0,0,0,0,0,0,0,0,0,0
ridicul,1,0,0,1,0,0,0,0,0,0,0,0,0,0
net,1,0,0,0,0,0,0,0,0,1,0,0,0,0
giddi,1,0,0,0,0,1,0,0,0,0,0,0,0,0
youth,1,0,0,0,0,1,0,0,0,0,0,0,0,0
camp,1,0,0,0,0,1,0,0,0,0,0,0,0,0
gossip,1,0,0,0,1,0,0,0,0,0,0,0,0,0
nurseri,1,0,0,0,1,0,0,0,0,0,0,0,0,0
rhyme,1,0,0,0,1,0,0,0,0,0,0,0,0,0
somebodi,1,0,0,0,0,1,0,0,0,0,0,0,0,0
save,1,0,0,0,0,1,0,0,0,0,0,0,0,0
polar,1,0,0,0,0,1,0,0,0,0,0,0,0,0
bear,1,0,0,0,0,1,0,0,0,0,0,0,0,0
word,1,0,0,0,0,0,1,0,0,0,0,0,0,0
attent,1,0,0,0,0,1,0,0,0,0,0,0,0,0
recent,1,0,0,0,0,1,0,0,0,0,0,0,0,0
gain,1,0,0,0,0,1,0,0,0,0,0,0,0,0
ton,1,0,0,0,0,1,0,0,0,0,0,0,0,0
weight,1,0,0,0,0,1,0,0,0,0,0,0,0,0
search,1,0,1,0,0,0,0,0,0,0,0,0,0,0
weather,1,0,0,0,0,1,0,0,0,0,0,0,0,0
ago,2,0,0,0,0,2,0,0,0,0,0,0,0,0
hug,1,0,0,0,0,1,0,0,0,0,0,0,0,0
angel,1,0,1,0,0,0,0,0,0,0,0,0,0,0
lead,1,0,1,0,0,0,0,0,0,0,0,0,0,0
android,1,0,0,0,0,0,0,1,0,0,0,0,0,0
calibr,1,0,0,0,0,0,0,1,0,0,0,0,0,0
till,1,0,0,0,1,0,0,0,0,0,0,0,0,0
godfath,1,0,1,0,0,0,0,0,0,0,0,0,0,0
draw,1,0,0,0,0,0,0,0,1,0,0,0,0,0
comfort,1,0,1,0,0,0,0,0,0,0,0,0,0,0
pan,1,0,1,0,0,0,0,0,0,0,0,0,0,0
tast,1,0,1,0,0,0,0,0,0,0,0,0,0,0
paperwork,1,0,0,0,0,1,0,0,0,0,0,0,0,0
shower,1,0,0,0,0,1,0,0,0,0,0,0,0,0
mean,1,0,0,0,0,1,0,0,0,0,0,0,0,0
midnight,1,0,0,0,0,1,0,0,0,0,0,0,0,0
pole,1,0,0,0,0,1,0,0,0,0,0,0,0,0
discourag,1,0,0,0,0,1,0,0,0,0,0,0,0,0
hopeless,1,0,0,0,0,1,0,0,0,0,0,0,0,0
cone,1,0,0,0,0,1,0,0,0,0,0,0,0,0
sexi,1,0,0,0,0,1,0,0,0,0,0,0,0,0
spread,1,0,0,0,0,1,0,0,0,0,0,0,0,0
soul,1,0,0,0,0,1,0,0,0,0,0,0,0,0
appear,1,0,0,0,0,1,0,0,0,0,0,0,0,0
pant,1,0,0,0,0,1,0,0,0,0,0,0,0,0
sleepless,1,0,0,0,0,1,0,0,0,0,0,0,0,0
dedic,1,0,0,0,0,1,0,0,0,0,0,0,0,0
advanc,1,0,0,0,0,1,0,0,0,0,0,0,0,0
mock,1,0,0,0,0,1,0,0,0,0,0,0,0,0
pussi,1,0,0,0,0,0,0,0,0,1,0,0,0,0
intern,1,0,0,0,1,0,0,0,0,0,0,0,0,0
flight,1,0,0,0,1,0,0,0,0,0,0,0,0,0
noth,1,0,0,0,1,0,0,0,0,0,0,0,0,0
adult,1,0,0,0,0,0,0,1,0,0,0,0,0,0
kitti,1,0,0,0,0,0,0,1,0,0,0,0,0,0
batti,1,0,0,0,0,0,0,1,0,0,0,0,0,0
kitten,1,0,0,0,0,0,0,1,0,0,0,0,0,0
heaven,1,0,0,0,0,0,0,1,0,0,0,0,0,0
goodby,1,0,1,0,0,0,0,0,0,0,0,0,0,0
stranger,1,0,0,0,0,1,0,0,0,0,0,0,0,0
stalk,1,0,0,0,0,1,0,0,0,0,0,0,0,0
tee,1,0,0,0,0,0,1,0,0,0,0,0,0,0
unintent,1,0,1,0,0,0,0,0,0,0,0,0,0,0
